{
  "aspi": {
    "value": 7881.13,
    "change": 108.44,
    "p_change": 0.013999999999999999
  },
  "snp": {
    "value": 2567.74,
    "change": 38.65,
    "p_change": 0.015300000000000001
  }
}