{
  "aspi": {
    "value": 8054.77,
    "change": -44.74,
    "p_change": -0.0055000000000000005
  },
  "snp": {
    "value": 2647.67,
    "change": -24.05,
    "p_change": -0.009000000000000001
  }
}