{
  "aspi": {
    "value": 10632.21,
    "change": 220.19,
    "p_change": 0.021099999999999997
  },
  "snp": {
    "value": 3640.27,
    "change": -16.33,
    "p_change": -0.0045000000000000005
  }
}