{
  "aspi": {
    "value": 7803.61,
    "change": -251.16,
    "p_change": -0.031200000000000002
  },
  "snp": {
    "value": 2539.06,
    "change": -108.61,
    "p_change": -0.040999999999999995
  }
}