{
  "aspi": {
    "value": 9813.18,
    "change": 108.97,
    "p_change": 0.011200000000000002
  },
  "snp": {
    "value": 3156.64,
    "change": 25.35,
    "p_change": 0.008100000000000001
  }
}