{
  "aspi": {
    "value": 7598.04,
    "change": -26.22,
    "p_change": -0.0034000000000000002
  },
  "snp": {
    "value": 2510.99,
    "change": 1.75,
    "p_change": 0.0007000000000000001
  }
}