{
  "aspi": {
    "value": 10361.8,
    "change": -259.6,
    "p_change": -0.024399999999999998
  },
  "snp": {
    "value": 3590.07,
    "change": -59.87,
    "p_change": -0.016399999999999998
  }
}