{
  "aspi": {
    "value": 8832.14,
    "change": -30.53,
    "p_change": -0.0034000000000000002
  },
  "snp": {
    "value": 2819.81,
    "change": -9.86,
    "p_change": -0.0034999999999999996
  }
}