{
  "aspi": {
    "value": 10046.8,
    "change": 131.58,
    "p_change": 0.013300000000000001
  },
  "snp": {
    "value": 3652.61,
    "change": 46.89,
    "p_change": 0.013000000000000001
  }
}