{
  "aspi": {
    "value": 9915.22,
    "change": 33.72,
    "p_change": 0.0034000000000000002
  },
  "snp": {
    "value": 3604.95,
    "change": 32.25,
    "p_change": 0.009000000000000001
  }
}