{
  "aspi": {
    "value": 8703.79,
    "change": 52.56,
    "p_change": 0.0060999999999999995
  },
  "snp": {
    "value": 2739.74,
    "change": 9.66,
    "p_change": 0.0034999999999999996
  }
}